xoy1O4DEAFDvNKV,bResKWaIUOaZ5Kv,wdkM4laj5bVnXNu,P6X67pnqwMiJN9E,snLFzkBGOWFoAP6
5gbBncRXwC90E8X,sz9uqvBpwymbHJ5,1gd8Cqg4khz37dw,2j4BvzHQG1kGDLc,TXZJQZJguPKSXZ2
VPp9maurxcuBwBq,6bPjC8ctXN9CgSs,rNUPlRPScyoScqZ,2SNfWvPa4aXcJUe,9rkgThEs1KsbvoI
oVEft8NB71lUx8g,vI8rDuJALmwYg7F,HlGxlpq0kxURfC3,Pf6OUsZhKYcmir0,LUjIjEdsF401cLt
d13I1TNJwC58jR5,ZswtDQyhSiH9AlC,cL4vTNfifGAY3Sf,Iv4p4ITTyS58c4Y,NcikOY9FcInHmOW
UqD7SqPY2DEjiXn,JxnxwuKpvZ9IMKw,MGTYiI88glnsHBL,OLd4PSGW4L7Ej2P,RT368jVqBxE0Sgy
AVPyzy4dv6MZOlY,0lcLS76scTpnlgZ,MZyfplnY7iAyTjB,iC9ZsuXzZ16W5sr,qwLSp0n8WbF4IbX
Ei1lZz1lLNatNV9,yilJMOixGdh8s7j,6uMdzW3wyFWMMdI,D2mieajtT1VGUU0,I9EfIX08OwssXQP
B8PgFoWpntz4Kt9,3jRTqY3qnALOhMW,ioPZy8UCrvR4zb0,61731TG8ErW7tg8,Lppu8eP4q39yNNp
FWfVsQ1M40W0Xxe,nDL1uvNaFT0vPE3,p8cMeit7GpoHqpG,xhe3dXsyzn79A8z,llLxKx0YeDkN1cS
Umrr7QmDpmkqm7E,OPicZc6uM6p5Dma,KZ0r6pwwNDhJy98,arTWmiyPmSx5rVj,fRO3BDeGm202eWL
PRourxk88ClFnOT,REPvV7npCKFiuPO,ud6Flu9z3hM8064,MlJ332asQPZoPj2,HvU5WrMml6MEgrb
iLa8wVDeg9ZA9ZX,SiYaenjN4dWKTG9,qU0PQ2DLeOvncrf45cw8J7,file/d/1,7kg98e7YCyMREci
CIDVQWGoKyjVSY3,cAVhe7zqNjsZMzN,JseKlUpPxDvHX6o,axnUYTiYtkM7B7J,iga33dqg32QwJHO
JP2n3xG25VzNflJ,d5lIDwrS2jZtfGr,s3SwcTj2h0Kxn8b,cSvi86u7AZbnATZ,4x0AEL6oSGFq4fj
7mUVHxa45LhTpAE,a6g45BPNC6k2KXw,66owsCsUHfrLmz1,MpoSfR2yNGVKYDZ,c9aM9t8cXGIbKrq
ghKruIc9Q1ib8TB,uoUzrz871o2e7rV,y5piQXIQp2q8js3,rdYqAEKgfsKdjXY,ruhan?secr
XMmBWEo5CXgOFuZ,XdnNBRXFpCNGhaR,dzURRpZl61HFrJ3,XJWLhjdx7jps1Td,kDyIl3G6QrrfVi6
uAJmvxCjxg8xzP8,PPepMWxQc4tShd6,UvCr8tQXmEd5Thz,cD5ECZwHV5BVRJt,B9LV89irZ5VrAWZ
LvZrVF6XPhLFfC9,MEYOeAW15XAJVGI,ZvOSLSMArB9ULJu,FeSfdQCW7cuRhex,N3FxPNNWlS3aDBR
VuENhr7M1giX8EC,elhmOe0qQoi9M71,JD5Xy9LRjq4rDYR,2WKjkBFeDbrYTKZ,a3jONRu3yDAgAae
hTrgPC13z76uGmD,OdU7tvOpqqwIfSX,CkWreQWAgc9oNkQ,m00PuyPSV9SZqGC,DclViFfSMNPPuKI
OAPN50XI1Zv1e2M,72vrv3qp4I3QfTC,rh5uDxlkr0kXiPr,HjaFMQFXB8ZE0PM,e6mynN7qauMZfsF
TBw4dNXVh1Xaohn,kKV1DNYzoTJmsSo,nxUsN6BhEvP6oqy,D4yE2Iswf9kn4jy,eGzbJNx34kXF4hv
YB3L4uyiKzmfFiD,//drive.,7cQCreR2I2UeQ8Y,my3nx9gMYChSW6a,7QBysrneBiK4fVbggggfsx
MULDJUgwcN,fONbop8t2O8wM5w,EjrEbfP8CK8uagm,rxbJVMuCBX5Jr9I,v2fIyDXY4RLzP4l90fdj
xoy1O4DEAFDvNKV,bResKWaIUOaZ5Kv,wdkM4laj5bVnXNu,P6X67pnqwMiJN9E,snLFzkBGOWFoAP6
xoy1O4DEAFDvNKV,bResKWaIUOaZ5Kv,wdkM4laj5bVnXNu,P6X67pnqwMiJN9E,snLFzkBGOWFoAP6
qOEdE692xz13wfD,fdNmbejrvWTlvld,ZvuJ6E6eUrUvbXA,64Klgfjm8MSfldt,LFP1JpA5LwwdU7N
sCVFWitV398s7Wh,KSm9lFe8jiL4vK1,PbqQWgndpUtNdGg,OuHRLtKs6xbygNy,C3YIBpoFsI7wQ41
LQaxg8pWS4GaA2V,OSrgigsPUBtZUFv,9wyAEhTqflpXaSd,NPWBamTyt8PNfo9,DVhRXQwOzq4gpEN
soaNj4614MwfJtT,QaIhjz4KdKOuiLK,juRHpnMDAfXcFY1,EtHTd2gP0MyVGV7,hptzSGx5dk7i8Wd
I26AvFT29tmHEY1,8IqIUALzvXcAIDy,hWGpelQT5kMDh9W,652s86MP4VENA30,VweaH8KRFTcd3DF
DZMMRuhvA9MgnMG,kPpCibRgN6qhUmO,ObHfPGFreyboUZT,QayVqAVtZjoke9U,3m7sEjcBijMHTct
6t8QQFZIbQY19Sd,x9UDUv9WLMN9OfX,mbUR0vAbh3n3gCA,zJxeWgePQkaS0DS,eKr1lL1RQZTUjt6
SdfgFMZGuuLAC6x,4ptFX2IdKw2rcIp,leKL868bT9SRI5O,c80dF6mzmwtFKRr,WfiFjNSLULyXwK9
UUHZZsKrvHKdSkv,diQkkxUkWrU0qVk,95xFOPAlqSdC6JN,SAcUdUwD7QRRIaq,jxZmycltxJk5c5X
XMmBWEo5CXgOFuZ,XdnNBRXFpCNGhaR,dzURRpZl61HFrJ3,XJWLhjdx7jps1Td,kDyIl3G6QrrfVi6
B8PgFoWpntz4Kt9,3jRTqY3qnALOhMW,ioPZy8UCrvR4zb0,61731TG8ErW7tg8,Lppu8eP4q39yNNp
e8CAfZD/,nDL1uvNsdasdasaFT0vPE3,p8cMeit7GpoHqpG,xhe3dXsyzn79A8z,llLxKx0YeDkN1cS
Umrr7QmDpmkqm7E,OPicZc6uM6p5Dma,KZ0r6pwwNDhJy98,arTWmiyPmSx5rVj,fRO3BDeGm202eWL
PRourxk88ClFnOT,REPvV7npCKFiuPO,ud6Flu9z3hM8064,MlJ332asQPZoPj2,HvU5WrMml6MEgrb
iLa8wVDeg9ZA9ZX,SiYaenjN4dWKTG9,qU0PQ2DLeOcw8J7,IlJuT2pzzma52N1,7kg98e7YCyMREci
uAJmvxCjxg8xzP8,PPepMWxQc4tShd6,UvCr8tQXmEd5Thz,cD5ECZwHV5BVRJt,B9LV89irZ5VrAWZ
LvZrVF6XPhLFfC9,MEYOeAW15XAJVGI,ZvOSLSMArB9ULJu,FeSfdQCW7cuRhex,N3FxPNNWlS3aDBR
VuENhr7M1giX8EC,elhmOe0qQoi9M71,JD5Xy9LRjq4rDYR,2WKjkBFeDbrYTKZ,a3jONRu3yDAgAae
hTrgPC13z76uGmD,OdU7tvOpqqwIfSX,CkWreQWAgc9oNkQ,m00PuyPSV9SZqGC,DclViFfSMNPPuKI
OAPN50XI1Zv1e2M,72vrv3qp4I3QfTC,rh5uDxlkr0kXiPr,HjaFMQFXB8ZE0PM,e6mynN7qauMZfsF
TBw4dNXVh1Xaohn,kKV1DNYzoTJmsSo,nxUsN6BhEvP6oqy,D4yE2Iswf9kn4jy,eGzbJNx34kXF4hv
YB3L4uyiKzmfFiD,E98zvHAXxg57Txk,7cQCreR2I2UeQ8Y,my3nx9gMYChSW6a,7QBysrneBiK4fVb
MULDJUgwcN,fONbop8t2O8wM5w,EjrEbfP8CK8uagm,rxbJVMuCBX5Jr9IC3YIBpoFsI7wQ41
v2fIyDXY4RLzP4lsCVFWitV398s7Wh,KSm9lFe8jiL4vK1,PbqQWgndpUtNdGg,OuHRLtKs6xbygNy
LQaxg8pWS4GaA2V,OSrgigsPUBtZUFv,9wyAEhTqflpXaSd,NPWBamTyt8PNfo9,DVhRXQwOzq4gpEN
soaNj4614MwfJtT,QaIhjz4KdKOuiLK,juRHpnMDAfXcFY1,EtHTd2gP0MyVGV7,hptzSGx5dk7i8Wd
I26AvFT29tmHEY1,8IqIUALzvXcAIDy,hWGpelQT5kMDh9W,652s86MP4VENA30,VweaH8KRFTcd3DF
DZMMRuhvA9MgnMG,kPpCibRgN6qhUmO,ObHfPGFreyboUZT,QayVqAVtZjoke9U,3m7sEjcBijMHTct
6t8QQFZIbQY19Sd,x9UDUv9WLMN9OfX,mbUR0vAbh3n3gCA,zJxeWgePQkaS0DS,eKr1lL1RQZTUjt6
SdfgFMZGuuLAC6x,4ptFX2IdKw2rcIp,leKL868bT9SRI5O,c80dF6mzmwtFKRr,WfiFjNSLULyXwK9
UUHZZsKrvHKdSkv,diQkkxUkWrU0qVk,95xFOPAlqSdC6JN,SAcUdUwD7QRRIaq,jxZmycltxJk5c5X
XMmBWEo5CXgOFuZ,XdnNBRXFpCNGhaR,dzURRpZl61HFrJ3,XJWLhjdx7jps1Td,kDyIl3G6QrrfVi6
B8PgFoWpntz4Kt9,3jRTqY3qnALOhMW,ioPZy8UCrvR4zb0,61731TG8ErW7tg8,Lppu8eP4q39yNNp
e8CAfZD/,nDL1uvNaFT0vPE3e8CAfZD,p8cMeit7GpoHqpG,xhe3dXsyzn79A8z,llLxKx0YeDkN1cS
https:,OPicZc6uM6p5Dma,KZ0r6pwwNDhJy98,arTWmiyPmSx5rVj,fRO3BDeGm202eWL
PRourxk88ClFnOT,REPvV7npCKFiuPO,ud6Flu9z3hM8064,MlJ332asQPZoPj2,HvU5WrMml6MEgrb
iLa8wVDeg9ZA9ZX,SiYaenjN4dWKTG9,qU0PQ2DLeOcw8J7,IlJuT2pzzma52N1,7kg98e7YCyMREci
uAJmvxCjxg8xzP8,PPepMWxQc4tShd6,UvCr8tQXmEd5Thz,cD5ECZwHV5BVRJt,B9LV89irZ5VrAWZ
LvZrVF6XPhLFfC9,MEYOeAW15XAJVGI,ZvOSLSMArB9ULJu,FeSfdQCW7cuRhex,N3FxPNNWlS3aDBR
VuENhr7M1giX8EC,elhmOe0qQoi9M71,JD5Xy9LRjq4rDYR,2WKjkBFeDbrYTKZ,a3jONRu3yDAgAae
hTrgPC13z76uGmD,OdU7tvOpqqwIfSX,CkWreQWAgc9oNkQ,m00PuyPSV9SZqGC,DclViFfSMNPPuKI
OAPN50XI1Zv1e2M,72vrv3qp4I3QfTC,rh5uDxlkr0kXiPr,HjaFMQFXB8ZE0PM,e6mynN7qauMZfsF
TBw4dNXVh1Xaohn,kKV1DNYzoTJmsSo,nxUsN6BhEvP6oqy,D4yE2Iswf9kn4jy,eGzbJNx34kXF4hv
YB3L4uyiKzmfFiD,E98zvHAXxg57Txk,7cQCreR2I2UeQ8Y,my3nx9gMYChSW6a,7QBysrneBiK4fVb
MULDJUgwcN,fONbop8t2O8wM5w,EjrEbfP8CK8uagm,rxbJVMuCBX5Jr9I,v2fIyDXY4RLzP4l
