fxxx,xol,xow,xc,vb,dd,rrf
file_1,xoy1O4DEAFDvNKV,YouTube,bResKWaIUOaZ5Kv,wdkM4laj5bVnXNu,P6X67pnqwMiJN9E,snLFzkBGOWFoAP6
thefileyouar,bResKWaIUOaZ5Kv,jo588gG0,fdNmbejrvWTlvld,ZvuJ6E6eUrUvbXA,64Klgfjm8MSfldt,LFP1JpA5LwwdU7N
CatsGoToSpace,wdkM4laj5bVnXNu,xbcftR8tTv,KSm9lFe8jiL4vK1,PbqQWgndpUtNdGg,OuHRLtKs6xbygNy,C3YIBpoFsI7wQ41
f_4,P6X67pnqwMiJN9E,watch?v=xvFZ,OSrgigsPUBtZUFv,9wyAEhTqflpXaSd,NPWBamTyt8PNfo9,DVhRXQwOzq4gpEN
I_Think_The_Rockit_,snLFzkBGOWFoAP6,.com/wa,QaIhjz4KdKOuiLK,juRHpnMDAfXcFY1,EtHTd2gP0MyVGV7,hptzSGx5dk7i8Wd
filenumber6hasansw,bResKWaIUOaZ5Kv,tps://w,8IqIUALzvXcAIDy,hWGpelQT5kMDh9W,652s86MP4VENA30,VweaH8KRFTcd3DF
f_7ff0csvf_7ff0csv,P6X67pnqwMiJN9E,https://www.youtube.com/watch?v=xMWtGozn5jU,kPpCibRgN6qhUmO,ObHfPGFreyboUZT,QayVqAVtZjoke9U,3m7sEjcBijMHTct
csv.xxII,xoy1O4DEAFDvNKV,http_web_https://www.youtube.com/watch?v=xMWtGozn5jU,x9UDUv9WLMN9OfX,mbUR0vAbh3n3gCA,zJxeWgePQkaS0DS,eKr1lL1RQZTUjt6
fx_001110,wdkM4laj5bVnXNu,tch?v=xvFZjo5PgG0EhTqflpXaS,4ptFX2IdKw2rcIp,leKL868bT9SRI5O,c80dF6mzmwtFKRr,WfiFjNSLULyXwK9
http,snLFzkBGOWFoAP6,outube.com/wa,diQkkxUkWrU0qVk,95xFOPAlqSdC6JN,SAcUdUwD7QRRIaq,jxZmycltxJk5c5X